PRAGMA foreign_keys=OFF;
BEGIN TRANSACTION;
CREATE TABLE IF NOT EXISTS "django_migrations" ("id" integer NOT NULL PRIMARY KEY AUTOINCREMENT, "app" varchar(255) NOT NULL, "name" varchar(255) NOT NULL, "applied" datetime NOT NULL);
INSERT INTO django_migrations VALUES(1,'contenttypes','0001_initial','2025-08-10 20:54:41.711811');
INSERT INTO django_migrations VALUES(2,'auth','0001_initial','2025-08-10 20:54:42.073811');
INSERT INTO django_migrations VALUES(3,'admin','0001_initial','2025-08-10 20:54:42.280155');
INSERT INTO django_migrations VALUES(4,'admin','0002_logentry_remove_auto_add','2025-08-10 20:54:42.393055');
INSERT INTO django_migrations VALUES(5,'admin','0003_logentry_add_action_flag_choices','2025-08-10 20:54:42.558403');
INSERT INTO django_migrations VALUES(6,'contenttypes','0002_remove_content_type_name','2025-08-10 20:54:42.674400');
INSERT INTO django_migrations VALUES(7,'auth','0002_alter_permission_name_max_length','2025-08-10 20:54:42.809402');
INSERT INTO django_migrations VALUES(8,'auth','0003_alter_user_email_max_length','2025-08-10 20:54:42.927397');
INSERT INTO django_migrations VALUES(9,'auth','0004_alter_user_username_opts','2025-08-10 20:54:43.045400');
INSERT INTO django_migrations VALUES(10,'auth','0005_alter_user_last_login_null','2025-08-10 20:54:43.153402');
INSERT INTO django_migrations VALUES(11,'auth','0006_require_contenttypes_0002','2025-08-10 20:54:43.272834');
INSERT INTO django_migrations VALUES(12,'auth','0007_alter_validators_add_error_messages','2025-08-10 20:54:43.375832');
INSERT INTO django_migrations VALUES(13,'auth','0008_alter_user_username_max_length','2025-08-10 20:54:43.478832');
INSERT INTO django_migrations VALUES(14,'auth','0009_alter_user_last_name_max_length','2025-08-10 20:54:43.587836');
INSERT INTO django_migrations VALUES(15,'auth','0010_alter_group_name_max_length','2025-08-10 20:54:43.698845');
INSERT INTO django_migrations VALUES(16,'auth','0011_update_proxy_permissions','2025-08-10 20:54:43.814146');
INSERT INTO django_migrations VALUES(17,'auth','0012_alter_user_first_name_max_length','2025-08-10 20:54:43.916738');
INSERT INTO django_migrations VALUES(18,'live_love_laugh','0001_initial','2025-08-10 20:54:44.019960');
INSERT INTO django_migrations VALUES(19,'sessions','0001_initial','2025-08-10 20:54:44.248959');
INSERT INTO django_migrations VALUES(20,'live_love_laugh','0002_quote_user','2025-08-11 19:46:03.362318');
INSERT INTO django_migrations VALUES(21,'live_love_laugh','0003_remove_quote_user_quote_likes_quote_source_and_more','2025-08-11 20:39:26.193779');
INSERT INTO django_migrations VALUES(22,'live_love_laugh','0004_like_live_love_l_quote_i_99d930_idx','2025-08-11 20:46:49.142345');
INSERT INTO django_migrations VALUES(23,'live_love_laugh','0005_alter_quote_text_quote_unique_quote_per_source','2025-08-13 17:40:23.839014');
INSERT INTO django_migrations VALUES(24,'live_love_laugh','0006_remove_quote_unique_quote_per_source_quote_views','2025-08-16 20:15:21.439056');
INSERT INTO django_migrations VALUES(25,'live_love_laugh','0007_remove_like_live_love_l_quote_i_99d930_idx_and_more','2025-08-17 16:32:48.298707');
CREATE TABLE IF NOT EXISTS "auth_group_permissions" ("id" integer NOT NULL PRIMARY KEY AUTOINCREMENT, "group_id" integer NOT NULL REFERENCES "auth_group" ("id") DEFERRABLE INITIALLY DEFERRED, "permission_id" integer NOT NULL REFERENCES "auth_permission" ("id") DEFERRABLE INITIALLY DEFERRED);
CREATE TABLE IF NOT EXISTS "auth_user_groups" ("id" integer NOT NULL PRIMARY KEY AUTOINCREMENT, "user_id" integer NOT NULL REFERENCES "auth_user" ("id") DEFERRABLE INITIALLY DEFERRED, "group_id" integer NOT NULL REFERENCES "auth_group" ("id") DEFERRABLE INITIALLY DEFERRED);
CREATE TABLE IF NOT EXISTS "auth_user_user_permissions" ("id" integer NOT NULL PRIMARY KEY AUTOINCREMENT, "user_id" integer NOT NULL REFERENCES "auth_user" ("id") DEFERRABLE INITIALLY DEFERRED, "permission_id" integer NOT NULL REFERENCES "auth_permission" ("id") DEFERRABLE INITIALLY DEFERRED);
CREATE TABLE IF NOT EXISTS "django_admin_log" ("id" integer NOT NULL PRIMARY KEY AUTOINCREMENT, "object_id" text NULL, "object_repr" varchar(200) NOT NULL, "action_flag" smallint unsigned NOT NULL CHECK ("action_flag" >= 0), "change_message" text NOT NULL, "content_type_id" integer NULL REFERENCES "django_content_type" ("id") DEFERRABLE INITIALLY DEFERRED, "user_id" integer NOT NULL REFERENCES "auth_user" ("id") DEFERRABLE INITIALLY DEFERRED, "action_time" datetime NOT NULL);
CREATE TABLE IF NOT EXISTS "django_content_type" ("id" integer NOT NULL PRIMARY KEY AUTOINCREMENT, "app_label" varchar(100) NOT NULL, "model" varchar(100) NOT NULL);
INSERT INTO django_content_type VALUES(1,'admin','logentry');
INSERT INTO django_content_type VALUES(2,'auth','permission');
INSERT INTO django_content_type VALUES(3,'auth','group');
INSERT INTO django_content_type VALUES(4,'auth','user');
INSERT INTO django_content_type VALUES(5,'contenttypes','contenttype');
INSERT INTO django_content_type VALUES(6,'sessions','session');
INSERT INTO django_content_type VALUES(7,'live_love_laugh','quote');
INSERT INTO django_content_type VALUES(8,'live_love_laugh','like');
CREATE TABLE IF NOT EXISTS "auth_permission" ("id" integer NOT NULL PRIMARY KEY AUTOINCREMENT, "content_type_id" integer NOT NULL REFERENCES "django_content_type" ("id") DEFERRABLE INITIALLY DEFERRED, "codename" varchar(100) NOT NULL, "name" varchar(255) NOT NULL);
INSERT INTO auth_permission VALUES(1,1,'add_logentry','Can add log entry');
INSERT INTO auth_permission VALUES(2,1,'change_logentry','Can change log entry');
INSERT INTO auth_permission VALUES(3,1,'delete_logentry','Can delete log entry');
INSERT INTO auth_permission VALUES(4,1,'view_logentry','Can view log entry');
INSERT INTO auth_permission VALUES(5,2,'add_permission','Can add permission');
INSERT INTO auth_permission VALUES(6,2,'change_permission','Can change permission');
INSERT INTO auth_permission VALUES(7,2,'delete_permission','Can delete permission');
INSERT INTO auth_permission VALUES(8,2,'view_permission','Can view permission');
INSERT INTO auth_permission VALUES(9,3,'add_group','Can add group');
INSERT INTO auth_permission VALUES(10,3,'change_group','Can change group');
INSERT INTO auth_permission VALUES(11,3,'delete_group','Can delete group');
INSERT INTO auth_permission VALUES(12,3,'view_group','Can view group');
INSERT INTO auth_permission VALUES(13,4,'add_user','Can add user');
INSERT INTO auth_permission VALUES(14,4,'change_user','Can change user');
INSERT INTO auth_permission VALUES(15,4,'delete_user','Can delete user');
INSERT INTO auth_permission VALUES(16,4,'view_user','Can view user');
INSERT INTO auth_permission VALUES(17,5,'add_contenttype','Can add content type');
INSERT INTO auth_permission VALUES(18,5,'change_contenttype','Can change content type');
INSERT INTO auth_permission VALUES(19,5,'delete_contenttype','Can delete content type');
INSERT INTO auth_permission VALUES(20,5,'view_contenttype','Can view content type');
INSERT INTO auth_permission VALUES(21,6,'add_session','Can add session');
INSERT INTO auth_permission VALUES(22,6,'change_session','Can change session');
INSERT INTO auth_permission VALUES(23,6,'delete_session','Can delete session');
INSERT INTO auth_permission VALUES(24,6,'view_session','Can view session');
INSERT INTO auth_permission VALUES(25,7,'add_quote','Can add quote');
INSERT INTO auth_permission VALUES(26,7,'change_quote','Can change quote');
INSERT INTO auth_permission VALUES(27,7,'delete_quote','Can delete quote');
INSERT INTO auth_permission VALUES(28,7,'view_quote','Can view quote');
INSERT INTO auth_permission VALUES(29,8,'add_like','Can add like');
INSERT INTO auth_permission VALUES(30,8,'change_like','Can change like');
INSERT INTO auth_permission VALUES(31,8,'delete_like','Can delete like');
INSERT INTO auth_permission VALUES(32,8,'view_like','Can view like');
CREATE TABLE IF NOT EXISTS "auth_group" ("id" integer NOT NULL PRIMARY KEY AUTOINCREMENT, "name" varchar(150) NOT NULL UNIQUE);
CREATE TABLE IF NOT EXISTS "auth_user" ("id" integer NOT NULL PRIMARY KEY AUTOINCREMENT, "password" varchar(128) NOT NULL, "last_login" datetime NULL, "is_superuser" bool NOT NULL, "username" varchar(150) NOT NULL UNIQUE, "last_name" varchar(150) NOT NULL, "email" varchar(254) NOT NULL, "is_staff" bool NOT NULL, "is_active" bool NOT NULL, "date_joined" datetime NOT NULL, "first_name" varchar(150) NOT NULL);
CREATE TABLE IF NOT EXISTS "django_session" ("session_key" varchar(40) NOT NULL PRIMARY KEY, "session_data" text NOT NULL, "expire_date" datetime NOT NULL);
INSERT INTO django_session VALUES('ga0fq3z566i821ra2jla9h72g3ubr231','e30:1ulZQ1:-t9SvCI3HNX0bBUZll7vo6W-z5oWuKRzwe_m6dY7jhA','2025-08-25 20:46:57.407708');
INSERT INTO django_session VALUES('to7vvwp1q3s7ttoubozv7glolyma2a7p','e30:1ulZQ4:LeQ7oAMsDBeqSnbqEZbruuHN7EGPIYL5n39VsHxhHtw','2025-08-25 20:47:00.788135');
INSERT INTO django_session VALUES('h9a0mxj5usr9twgmr1bduqp3x1zg7key','e30:1ulZRJ:_rd2FxWa0TfF4DW-LGtvl6caUI6pJcpANyRLTYMj5WQ','2025-08-25 20:48:17.264316');
INSERT INTO django_session VALUES('fpx5yklyotc94zbfpa2g2fac6im7t3n7','e30:1ulZRh:ucx8Zo5BUXclyx1HE7v0kjD11SN7OSsoqLPZ05-I69c','2025-08-25 20:48:41.997204');
INSERT INTO django_session VALUES('a9xzvuj1f3p0shtfkphvfcka5pqaxyie','e30:1unZGj:tP1oTRQRgHzVlxwkOYWkZwwoWga3AGg0hxUY3dj-Ltk','2025-08-31 09:01:37.813623');
CREATE TABLE IF NOT EXISTS "live_love_laugh_like" ("id" integer NOT NULL PRIMARY KEY AUTOINCREMENT, "session_key" varchar(40) NOT NULL, "created_at" datetime NOT NULL, "quote_id" bigint NOT NULL REFERENCES "live_love_laugh_quote" ("id") DEFERRABLE INITIALLY DEFERRED);
INSERT INTO live_love_laugh_like VALUES(3,'fpx5yklyotc94zbfpa2g2fac6im7t3n7','2025-08-11 20:48:41.779206',2);
INSERT INTO live_love_laugh_like VALUES(53,'h9a0mxj5usr9twgmr1bduqp3x1zg7key','2025-08-16 20:59:31.599786',10);
INSERT INTO live_love_laugh_like VALUES(55,'h9a0mxj5usr9twgmr1bduqp3x1zg7key','2025-08-16 21:21:13.690563',4);
INSERT INTO live_love_laugh_like VALUES(97,'h9a0mxj5usr9twgmr1bduqp3x1zg7key','2025-08-17 08:26:23.795824',9);
INSERT INTO live_love_laugh_like VALUES(119,'h9a0mxj5usr9twgmr1bduqp3x1zg7key','2025-08-17 08:36:32.020232',8);
INSERT INTO live_love_laugh_like VALUES(132,'h9a0mxj5usr9twgmr1bduqp3x1zg7key','2025-08-17 08:54:53.377580',1);
INSERT INTO live_love_laugh_like VALUES(135,'h9a0mxj5usr9twgmr1bduqp3x1zg7key','2025-08-17 08:56:02.003141',2);
INSERT INTO live_love_laugh_like VALUES(140,'h9a0mxj5usr9twgmr1bduqp3x1zg7key','2025-08-17 09:01:11.758856',6);
INSERT INTO live_love_laugh_like VALUES(141,'a9xzvuj1f3p0shtfkphvfcka5pqaxyie','2025-08-17 09:01:37.663727',6);
INSERT INTO live_love_laugh_like VALUES(142,'h9a0mxj5usr9twgmr1bduqp3x1zg7key','2025-08-17 09:03:03.650351',7);
INSERT INTO live_love_laugh_like VALUES(143,'h9a0mxj5usr9twgmr1bduqp3x1zg7key','2025-08-17 09:10:13.352167',3);
INSERT INTO live_love_laugh_like VALUES(144,'h9a0mxj5usr9twgmr1bduqp3x1zg7key','2025-08-17 10:46:17.875967',5);
INSERT INTO live_love_laugh_like VALUES(145,'h9a0mxj5usr9twgmr1bduqp3x1zg7key','2025-08-17 10:59:12.297019',11);
INSERT INTO live_love_laugh_like VALUES(146,'h9a0mxj5usr9twgmr1bduqp3x1zg7key','2025-08-17 11:16:53.178851',12);
CREATE TABLE IF NOT EXISTS "live_love_laugh_quote" ("id" integer NOT NULL PRIMARY KEY AUTOINCREMENT, "text" text NOT NULL UNIQUE, "author" varchar NOT NULL, "weight" smallint unsigned NOT NULL CHECK ("weight" >= 0), "create_date" datetime NOT NULL, "likes" integer unsigned NOT NULL CHECK ("likes" >= 0), "source" varchar NOT NULL, "views" integer unsigned NOT NULL CHECK ("views" >= 0));
INSERT INTO live_love_laugh_quote VALUES(1,'Я уверена, из тебя получится отличная фея.','ixslea',5,'2025-08-10 20:59:02.633557',1,'Стелла, Винкс',17);
INSERT INTO live_love_laugh_quote VALUES(2,'Если есть надежда, то есть и шанс.','Блум, Винкс',4,'2025-08-10 21:11:46.689280',2,'Винкс',25);
INSERT INTO live_love_laugh_quote VALUES(3,'Страх и обман — более сильное оружие, чем тёмное заклинание.','Валтор, Винкс',2,'2025-08-11 19:37:47.092067',1,'Винкс',32);
INSERT INTO live_love_laugh_quote VALUES(4,'Я - это я. Я - это я. Я - это я! Или не я? Да нет, это точно я..','ixslea',3,'2025-08-13 17:58:41.276971',1,'My Little Pony',6);
INSERT INTO live_love_laugh_quote VALUES(5,'Не важно, кем ты родился. Важно то, кем ты хочешь быть.','ixslea',5,'2025-08-13 17:59:31.649044',1,'My Little Pony',27);
INSERT INTO live_love_laugh_quote VALUES(6,'Думай свыше, но не мечтай о невозможном.','ixslea',3,'2025-08-13 18:01:50.713564',2,'My Little Pony',24);
INSERT INTO live_love_laugh_quote VALUES(7,'Бутерброд мне всё рассказал...','ixslea',5,'2025-08-13 20:10:20.849180',1,'Смешарики',15);
INSERT INTO live_love_laugh_quote VALUES(8,'Ничто так не радует глаз, как крепкий и здоровый сон.','ixslea',4,'2025-08-16 19:43:39.760637',1,'Наруто',7);
INSERT INTO live_love_laugh_quote VALUES(9,'Вот те раз! То ли страна у нас такая, то ли парнишка не туда свернул','ixslea',2,'2025-08-16 19:54:03.380955',1,'Восхождение героя щита',8);
INSERT INTO live_love_laugh_quote VALUES(10,'Обещаю не обещать, что вернусь, если возвращаться не собираюсь.','ixslea',2,'2025-08-16 19:59:12.792653',1,'Сезон охоты',5);
INSERT INTO live_love_laugh_quote VALUES(11,'Но когда ломается твой меч, ты достаёшь свой кинжал','ixslea',2,'2025-08-17 10:46:12.547131',1,'Хроники Нарнии',1);
INSERT INTO live_love_laugh_quote VALUES(12,'Грусть и невзгоды — это приправы, которые делают жизнь интересней','ixslea',1,'2025-08-17 10:55:53.158156',1,'Томоко Куроки',2);
INSERT INTO live_love_laugh_quote VALUES(13,'Иногда мне хочется быть Облаком, просто плывущим по течению','ixslea',2,'2025-08-17 10:59:04.258695',0,'Наруто',5);
DELETE FROM sqlite_sequence;
INSERT INTO sqlite_sequence VALUES('django_migrations',25);
INSERT INTO sqlite_sequence VALUES('django_admin_log',0);
INSERT INTO sqlite_sequence VALUES('django_content_type',8);
INSERT INTO sqlite_sequence VALUES('auth_permission',32);
INSERT INTO sqlite_sequence VALUES('auth_group',0);
INSERT INTO sqlite_sequence VALUES('auth_user',0);
INSERT INTO sqlite_sequence VALUES('live_love_laugh_like',146);
INSERT INTO sqlite_sequence VALUES('live_love_laugh_quote',13);
CREATE UNIQUE INDEX "auth_group_permissions_group_id_permission_id_0cd325b0_uniq" ON "auth_group_permissions" ("group_id", "permission_id");
CREATE INDEX "auth_group_permissions_group_id_b120cbf9" ON "auth_group_permissions" ("group_id");
CREATE INDEX "auth_group_permissions_permission_id_84c5c92e" ON "auth_group_permissions" ("permission_id");
CREATE UNIQUE INDEX "auth_user_groups_user_id_group_id_94350c0c_uniq" ON "auth_user_groups" ("user_id", "group_id");
CREATE INDEX "auth_user_groups_user_id_6a12ed8b" ON "auth_user_groups" ("user_id");
CREATE INDEX "auth_user_groups_group_id_97559544" ON "auth_user_groups" ("group_id");
CREATE UNIQUE INDEX "auth_user_user_permissions_user_id_permission_id_14a6b632_uniq" ON "auth_user_user_permissions" ("user_id", "permission_id");
CREATE INDEX "auth_user_user_permissions_user_id_a95ead1b" ON "auth_user_user_permissions" ("user_id");
CREATE INDEX "auth_user_user_permissions_permission_id_1fbb5f2c" ON "auth_user_user_permissions" ("permission_id");
CREATE INDEX "django_admin_log_content_type_id_c4bce8eb" ON "django_admin_log" ("content_type_id");
CREATE INDEX "django_admin_log_user_id_c564eba6" ON "django_admin_log" ("user_id");
CREATE UNIQUE INDEX "django_content_type_app_label_model_76bd3d3b_uniq" ON "django_content_type" ("app_label", "model");
CREATE UNIQUE INDEX "auth_permission_content_type_id_codename_01ab375a_uniq" ON "auth_permission" ("content_type_id", "codename");
CREATE INDEX "auth_permission_content_type_id_2f476e4b" ON "auth_permission" ("content_type_id");
CREATE INDEX "django_session_expire_date_a5c62663" ON "django_session" ("expire_date");
CREATE INDEX "live_love_laugh_like_quote_id_ae494bd3" ON "live_love_laugh_like" ("quote_id");
CREATE UNIQUE INDEX "live_love_laugh_like_quote_id_session_key_85439239_uniq" ON "live_love_laugh_like" ("quote_id", "session_key");
COMMIT;
